Date;;Berri1;Boyer;Brébeuf;CSC (Côte Sainte-Catherine);Maisonneuve_1;Maisonneuve_2;Maisonneuve_3;Notre-Dame;Parc;Parc U-Zelt Test;PierDup;Pont_Jacques_Cartier;Rachel / Hôtel de Ville;Rachel / Papineau;Rachel / Papineau 2007;René-Lévesque;Saint-Antoine;Saint-Laurent U-Zelt Test;Saint-Urbain;St. Laurent Tubes;Totem_Laurier;University;Viger
01/01/2013;00:00;0;;;0;1;0;;;6;;0;;;1;;;;;;;;;
02/01/2013;00:00;69;;;0;13;0;;;18;;0;;;2;;;;;;;;;
03/01/2013;00:00;69;;;2;21;6;;;22;;1;;;0;;;;;;;;;
04/01/2013;00:00;80;;;0;22;4;;;16;;0;;;125;;;;;;;;;
05/01/2013;00:00;52;;;4;19;3;;;12;;0;;;97;;;;;;;;;
06/01/2013;00:00;37;;;0;23;46;;;8;;0;;;47;;;;;;;;;
07/01/2013;00:00;159;;;0;81;211;;;60;;0;;;200;;;;;;;;;
08/01/2013;00:00;327;;;0;156;393;;;66;;0;;;335;;;;;;;;;
09/01/2013;00:00;332;;;0;155;446;;;84;;0;;;366;;;;;;;;;
10/01/2013;00:00;391;;;0;232;516;;;88;;0;;;463;;;;;;;;;
11/01/2013;00:00;423;;;0;199;464;;;132;;0;;;407;;;;;;;;;
12/01/2013;00:00;182;;;0;138;229;;;82;;0;;;264;;;;;;;;;
13/01/2013;00:00;111;;;3;74;179;;;89;;0;;;215;;;;;;;;;
14/01/2013;00:00;490;;;58;349;752;;;400;;0;;;565;;;;;;;;;
15/01/2013;00:00;581;;;70;365;771;;;383;;0;;;658;;;;;;;;;
16/01/2013;00:00;553;;;78;360;778;;;410;;0;;;553;;;;;;;;;
17/01/2013;00:00;326;;;28;187;463;;;206;;1;;;423;;;;;;;;;
18/01/2013;00:00;281;;;12;189;366;;;205;;0;;;315;;;;;;;;;
19/01/2013;00:00;49;;;0;26;104;;;24;;0;;;91;;;;;;;;;
20/01/2013;00:00;50;;;0;39;57;;;26;;6;;;74;;;;;;;;;
21/01/2013;00:00;143;;;7;77;301;;;127;;0;;;235;;;;;;;;;
22/01/2013;00:00;154;;;4;108;307;;;110;;0;;;257;;;;;;;;;
23/01/2013;00:00;111;;;7;67;231;;;71;;1;;;163;;;;;;;;;
24/01/2013;00:00;128;;;5;76;246;;;83;;1;;;189;;;;;;;;;
25/01/2013;00:00;139;;;3;81;250;;;87;;2;;;217;;;;;;;;;
26/01/2013;00:00;40;;;0;44;108;;;43;;0;;;119;;;;;;;;;
27/01/2013;00:00;48;;;1;50;108;;;50;;0;;;90;;;;;;;;;
28/01/2013;00:00;198;;;6;132;339;;;141;;4;;;265;;;;;;;;;
29/01/2013;00:00;218;;;0;135;312;;;111;;5;;;294;;;;;;;;;
30/01/2013;00:00;284;;;3;202;403;;;185;;4;;;336;;;;;;;;;
31/01/2013;00:00;237;;;33;152;395;;;135;;0;;;295;;;;;;;;;
01/02/2013;00:00;233;;;24;179;325;;;159;;11;;;294;;;;;;;;;
02/02/2013;00:00;82;;;10;51;103;;;55;;1;;;155;;;;;;;;;
03/02/2013;00:00;85;;;4;51;91;;;27;;9;;;128;;;;;;;;;
04/02/2013;00:00;234;;;6;137;389;;;163;;4;;;325;;;;;;;;;
05/02/2013;00:00;295;;;8;172;407;;;188;;5;;;327;;;;;;;;;
06/02/2013;00:00;325;;;9;196;447;;;244;;13;;;379;;;;;;;;;
07/02/2013;00:00;234;;;7;162;403;;;192;;3;;;328;;;;;;;;;
08/02/2013;00:00;148;;;0;71;212;;;43;;2;;;138;;;;;;;;;
09/02/2013;00:00;58;;;0;59;81;;;44;;0;;;113;;;;;;;;;
10/02/2013;00:00;82;;;0;61;128;;;45;;0;;;146;;;;;;;;;
11/02/2013;00:00;225;;;2;135;341;;;150;;3;;;274;;;;;;;;;
12/02/2013;00:00;342;;;0;181;446;;;188;;5;;;392;;;;;;;;;
13/02/2013;00:00;363;;;0;239;540;;;220;;7;;;441;;;;;;;94;;
14/02/2013;00:00;440;;;3;290;567;;;234;;19;;;472;;;;;;;216;;
15/02/2013;00:00;301;;;0;208;480;;;180;;7;;;373;;;;;;;137;;
16/02/2013;00:00;156;;;2;120;215;;;106;;11;;;252;;;;;;;107;;
17/02/2013;00:00;118;;;0;65;152;;;66;;10;;;184;;;;;;;82;;
18/02/2013;00:00;265;;;1;177;407;;;205;;4;;;359;;;;;;;134;;
19/02/2013;00:00;403;;;3;236;451;;;252;;7;;;437;;;;;;;204;;
20/02/2013;00:00;162;;;0;73;164;;;82;;0;;;174;;;;;;;143;;
21/02/2013;00:00;160;;;0;94;224;;;66;;4;;;200;;;;;;;144;;
22/02/2013;00:00;259;;;1;162;328;;;135;;0;;;330;;;;;;;223;;
23/02/2013;00:00;110;;;0;81;103;;;34;;3;;;131;;;;;;;99;;
24/02/2013;00:00;75;;;1;85;128;;;53;;2;;;144;;;;;;;120;;
25/02/2013;00:00;284;;;0;212;455;;;205;;1;;;410;;;;;;;391;;
26/02/2013;00:00;411;;;1;290;565;;;262;;6;;;522;;;;;;;432;;
27/02/2013;00:00;297;;;2;178;405;;;162;;4;;;351;;;;;;;340;;
28/02/2013;00:00;205;;;0;138;339;;;126;;6;;;283;;;;;;;306;;
01/03/2013;00:00;291;;;1;221;442;;;172;;12;;;395;;;;;;;351;;
02/03/2013;00:00;169;;;1;111;184;;;79;;12;;;238;;;;;;;209;;
03/03/2013;00:00;119;;;0;74;101;;;46;;1;;;133;;;;;;;87;;
04/03/2013;00:00;252;;;1;149;420;;;135;;4;;;357;;;;;;;249;;
05/03/2013;00:00;484;;;2;312;577;;;171;;11;;;400;;;;;;;229;;
06/03/2013;00:00;475;;;6;290;636;;;222;;16;;;539;;;;;;;457;;
07/03/2013;00:00;484;;;7;295;572;;;267;;16;;;562;;;;;;;454;;
08/03/2013;00:00;536;;;12;387;772;;;300;;26;;;621;;;;;;;553;;
09/03/2013;00:00;415;;;24;311;569;;;252;;98;;;671;;;;;;;543;;
10/03/2013;00:00;345;;;43;204;463;;;234;;67;;;550;;;;;;;488;;
11/03/2013;00:00;669;;;227;430;1092;;;622;;50;;;883;;;;;;;700;;
12/03/2013;00:00;478;;;153;327;663;;;407;;20;;;595;;;;;;;649;;
13/03/2013;00:00;831;;;360;547;1197;;;654;;46;;;946;;;;;;;696;;
14/03/2013;00:00;523;;;178;320;722;;;422;;10;;;647;;;;;;;519;;
15/03/2013;00:00;542;;;196;415;714;;;389;;15;;;651;;;;;;;607;;
16/03/2013;00:00;243;;;103;175;355;;;210;;41;;;420;;;;;;;418;;
17/03/2013;00:00;232;;;114;193;440;;;185;;28;;;430;;;0;;;;398;;
18/03/2013;00:00;511;;;273;366;802;;;491;;29;;;703;;;0;;;;603;;
19/03/2013;00:00;107;;;5;69;163;;;45;;5;;;101;;;0;;;;228;;
20/03/2013;00:00;217;;;1;128;301;;;77;;4;;;235;;;0;;;;220;;
21/03/2013;00:00;392;;;0;193;476;;;189;;6;;;422;;;0;;;;344;;
22/03/2013;00:00;398;;;0;256;549;;;235;;10;;;451;;;0;;;;338;;
23/03/2013;00:00;209;;;30;161;361;;;179;;24;;;326;;;0;;;;320;;
24/03/2013;00:00;299;;;88;219;379;;;174;;57;;;402;;;0;;;;298;;
25/03/2013;00:00;675;;;326;452;1038;;;548;;32;;;747;;;0;;;;668;;
26/03/2013;00:00;957;;;479;664;1455;;;748;;70;;;1023;;;0;;;;758;;
27/03/2013;00:00;856;;;549;626;1309;;;762;;105;;;587;;;0;;;;700;;
28/03/2013;00:00;1088;;;590;707;1512;;;906;;156;;;786;;;0;;;;978;;
29/03/2013;00:00;749;;;377;503;963;;;554;;153;;;641;;;0;;;;757;;
30/03/2013;00:00;822;;;443;509;1101;;;568;;449;;;1264;;;0;;;;961;;
31/03/2013;00:00;599;;;380;311;693;;;399;;321;;;2730;;;0;;;;647;;
01/04/2013;00:00;371;;;245;276;608;;;343;;66;;;2315;;;0;;;;524;;
02/04/2013;00:00;1055;;;547;669;1316;;;840;;105;;;2835;;;0;;;;818;;
03/04/2013;00:00;1030;;;614;719;1470;;;869;;119;;;3085;;;0;;;;947;;
04/04/2013;00:00;1466;;;855;1027;2022;;;1243;;261;;;2492;;;0;;;;1147;;
05/04/2013;00:00;1098;;;543;723;1384;;;761;;145;;;2553;;;0;;;;995;;
06/04/2013;00:00;771;;;414;506;1015;;;602;;335;;;1263;;;0;;;;965;;
07/04/2013;00:00;509;;;375;337;749;;;447;;158;;;936;;;0;;;;701;;
08/04/2013;00:00;1878;;;1170;1225;2414;;;1563;;568;;;1412;;;0;;;;1356;;
09/04/2013;00:00;1335;;;783;886;1734;;;1146;;213;;;1435;;;0;;;;1160;;
10/04/2013;00:00;1967;;;1230;1328;2536;;;1649;;452;;;773;;;0;;;;1450;;
11/04/2013;00:00;1814;;;994;1183;2283;;;1424;;323;;;1178;;;0;;;;1286;;
12/04/2013;00:00;420;;;141;270;519;;;227;;22;;;1523;;;0;;;;447;;
13/04/2013;00:00;265;;;10;172;328;;;176;;36;;;1602;;;0;;;;435;;
14/04/2013;00:00;889;;;317;495;963;;;588;;437;;;1332;;;0;;;;818;;
15/04/2013;00:00;2862;;;1420;1810;3321;;;2051;;830;;;2359;;;0;;;;1819;;
16/04/2013;00:00;1279;;;647;934;1767;;;1110;;159;;;2696;;;0;;;;1129;;
17/04/2013;00:00;3486;;;1861;2415;4196;;;2431;;1157;;;2479;;;0;;;;2325;;
18/04/2013;00:00;2251;;;1123;1653;2959;;;1726;;324;;;2694;;;0;;;;1659;;
19/04/2013;00:00;3109;;;1521;2170;3809;;;2144;;903;;;2366;;;0;;;;2033;;
20/04/2013;00:00;987;;;504;635;1203;;;689;;294;;;1802;;;0;;;;1053;;
21/04/2013;00:00;1847;;;808;1271;1733;;;1038;;818;;;1776;;;0;;;;1246;;
22/04/2013;00:00;3328;;;1720;2221;4060;;;2401;;1063;;;1242;;;0;;;;2124;;
23/04/2013;00:00;3722;;;1953;2442;4346;;;2569;;1186;;;2339;;;0;;;;2486;;
24/04/2013;00:00;3782;;;2021;2579;4565;;;2579;;1150;;;3560;;;0;;;;2270;;
25/04/2013;00:00;3002;;;1610;2182;3914;;;2319;;622;;;3406;;;0;;;;2193;;
26/04/2013;00:00;2865;;;1406;2125;3657;;;2197;;765;;;3369;;;0;;;;2087;;
27/04/2013;00:00;2840;;;1155;1812;3151;;;1511;;1663;;;3944;;;0;;;;2331;;
28/04/2013;00:00;3736;;;1536;1917;3327;;;2012;;3218;;;4915;;;0;;;;2609;;
29/04/2013;00:00;4149;;;2039;2742;4951;;;2843;;1416;;;4473;;;0;;;;2734;;
30/04/2013;00:00;4671;;;2262;3163;5312;;;3082;;1632;;;4928;;;0;;;;2970;;
01/05/2013;00:00;5803;;;2946;4121;6797;;;3672;;2819;;;6338;;;0;;;;3565;;
02/05/2013;00:00;5849;;;2829;4136;7176;;;3732;;1900;;;5902;;;0;;;;3551;;
03/05/2013;00:00;5769;;;2520;4156;7000;;;3508;;2135;;;6533;;;0;;;;3724;;
04/05/2013;00:00;4628;;;1840;2690;4795;;;2176;;3009;;;5821;;;0;;;;3359;;
05/05/2013;00:00;4652;;;1967;2341;4724;;;2370;;3386;;;6170;;;0;;;;3265;;
06/05/2013;00:00;5593;;;3103;3977;6945;;;3728;;2321;;;6253;;;0;;;;3579;;
07/05/2013;00:00;6323;;;3268;4538;7608;;;4012;;2651;;;6642;;;0;;;;3806;;
08/05/2013;00:00;6428;;;3212;4435;7657;;;4103;;2683;;;6683;;;0;;;;1937;;
09/05/2013;00:00;4467;;;2158;3313;6136;;;3084;;1113;;;4687;;;0;;;;2960;;
10/05/2013;00:00;4941;;;2398;3560;6231;;;3154;;1649;;;5308;;;0;;;;3223;;
11/05/2013;00:00;1406;;;716;1108;2153;;;953;;388;;;2312;;;0;;;;1595;;
12/05/2013;00:00;1744;;;1020;1110;2162;;;1004;;818;;;2608;;;0;;;;1608;;
13/05/2013;00:00;2678;;;1397;1879;3305;;;2130;;467;;;2974;;;0;;;;2002;;
14/05/2013;00:00;4757;;;2419;3437;6018;;;3200;;1598;;;4946;;;0;;;;2836;;
15/05/2013;00:00;3644;;;1844;2404;4438;;;2587;;808;;;3962;;;0;;;;2311;;
16/05/2013;00:00;4641;;;2271;3458;5895;;;3255;;1278;;;4903;;;0;;;;2973;;
17/05/2013;00:00;5089;;;2331;4009;6008;;;3135;;1862;;;5518;;;0;;;;3147;;
18/05/2013;00:00;4167;;;1686;2447;4340;;;2165;;3026;;;5141;;;0;;;;3213;;
19/05/2013;00:00;2771;;;1133;1581;2910;;;1384;;2032;;;3309;;;0;;;;1884;;
20/05/2013;00:00;2845;;;1370;1763;3131;;;1487;;2184;;;3843;;;0;;;;2260;;
21/05/2013;00:00;3177;;;1577;2268;4075;;;2123;;666;;;3367;;;0;;;;2321;;
22/05/2013;00:00;4662;;;2224;3292;5812;;;2965;;1362;;;4555;;;0;;;;3083;;
23/05/2013;00:00;3386;;;1527;2421;4372;;;2412;;566;;;3337;;;0;;;;2360;;
24/05/2013;00:00;2207;;;941;1603;2980;;;1513;;271;;;2391;;;0;;;;1678;;
25/05/2013;00:00;792;;;327;543;1061;;;561;;178;;;1263;;;0;;;;919;;
26/05/2013;00:00;843;;;450;689;1280;;;611;;362;;;1654;;;0;;;;850;;
27/05/2013;00:00;5970;;;2734;3988;6787;;;3813;;2554;;;6057;;;0;;;;3435;;
28/05/2013;00:00;6803;;;3151;4655;7684;;;4075;;3169;;;6435;;;0;;;;3846;;
29/05/2013;00:00;2908;;;1372;2061;3573;;;2036;;470;;;3056;;;0;;;;2011;;
30/05/2013;00:00;6748;;;2936;4663;7552;;;3758;;2626;;;6751;;;0;;;;3852;;
31/05/2013;00:00;6668;;;2562;4716;7106;;;3676;;2319;;;8555;;;0;;;;3986;;
01/06/2013;00:00;4150;;;1532;2513;4256;;;1805;;1735;;;5737;;;0;;;;3172;;
02/06/2013;00:00;3231;;;1270;2006;3380;;;1542;;997;;;6417;;;0;;;;2497;;
03/06/2013;00:00;4802;;;2599;3421;6291;;;3322;;992;;;5333;;;0;;;;3253;;
04/06/2013;00:00;5659;;;2872;4122;6998;;;3546;;1109;;;5778;;;0;;;;3465;;
05/06/2013;00:00;6224;;;2810;4358;7431;;;3850;;1299;;;5980;;;0;;;;3797;;
06/06/2013;00:00;3218;;;1727;2201;4515;;;2401;;452;;;3688;;;0;;;;2410;;
07/06/2013;00:00;2205;;;958;1526;3204;;;1691;;279;;;2680;;;0;;;;1950;;
08/06/2013;00:00;1333;;;642;975;1991;;;925;;310;;;2320;;;0;;;;1469;;
09/06/2013;00:00;3390;;;1653;1720;4033;;;1880;;1696;;;5220;;;0;;;;2800;;
10/06/2013;00:00;5653;;;2833;3484;7091;;;3715;;1386;;;6284;;;0;;;;3689;;
11/06/2013;00:00;1085;;;560;725;1451;;;887;;180;;;1510;;;0;;;;1000;;
12/06/2013;00:00;5428;;;2480;3457;6622;;;3499;;1593;;;5897;;;0;;;;3376;;
13/06/2013;00:00;6387;;;2870;4265;7566;;;4078;;2413;;;6430;;;0;;;;3805;;
14/06/2013;00:00;6160;;;2553;4190;7117;;;3646;;2104;;;6434;;;0;;;;3846;;
15/06/2013;00:00;5328;;;1890;3007;4825;;;2318;;3462;;;6093;;;0;;;;3079;;
16/06/2013;00:00;1230;;;634;755;1529;;;739;;679;;;1875;;;0;;;;1018;;
17/06/2013;00:00;4230;;;2122;3232;5593;;;2945;;1351;;;4384;;;0;;;;2937;;
18/06/2013;00:00;6405;;;2816;4140;6878;;;3758;;2717;;;6181;;;0;;;;3715;;
19/06/2013;00:00;6608;;;3134;4199;7438;;;4038;;2897;;;6661;;;0;;;;4019;;
20/06/2013;00:00;6525;;;2993;4452;7488;;;3950;;2409;;;6490;;;0;;;;4034;;
21/06/2013;00:00;6517;;;2454;4209;6763;;;3470;;2673;;;6486;;;0;;;;3869;;
22/06/2013;00:00;1350;;;526;1027;1374;;;620;;334;;;1834;;;0;;;;1047;;
23/06/2013;00:00;2870;;;1096;1453;2978;;;1439;;2375;;;3846;;;0;;;;2098;;
24/06/2013;00:00;3158;;;1142;1137;2678;;;1315;;3403;;;4902;;;0;;;;2568;;
25/06/2013;00:00;4319;;;1995;2694;5552;;;2941;;1322;;;4868;;;0;;;;3101;;
26/06/2013;00:00;4692;;;2211;2973;5886;;;3150;;1488;;;5355;;;0;;;;3313;;
27/06/2013;00:00;5158;;;2459;3121;6685;;;3268;;2089;;;6074;;;0;;;;3587;;
28/06/2013;00:00;1551;;;618;1321;2192;;;1031;;193;;;1993;;;0;;;;1210;;
29/06/2013;00:00;3049;;;978;2367;3394;;;1384;;1450;;;3584;;;0;;;;2015;;
30/06/2013;00:00;5068;;;1426;2906;4399;;;2102;;4286;;;5441;;;0;;;;2719;;
01/07/2013;00:00;4559;;;1580;2328;3628;;;1713;;3715;;;4811;;;0;;;;2358;;
02/07/2013;00:00;4895;;;1978;3589;5855;;;2994;;1048;;;4895;;;0;;;;2858;;
03/07/2013;00:00;6679;;;2767;4366;7486;;;3798;;2248;;;6594;;;0;;;;3787;;
04/07/2013;00:00;6151;;;2496;3974;7423;;;3588;;2113;;;6466;;;0;;;;3843;;
05/07/2013;00:00;5890;;;2087;3946;6677;;;3168;;2228;;;6022;;;0;;;;3553;;
06/07/2013;00:00;4774;;;1447;3228;4733;;;2091;;3176;;;5300;;;0;;;;2803;;
07/07/2013;00:00;3909;;;1282;2442;3438;;;1655;;2615;;;4518;;;0;;;;2293;;
08/07/2013;00:00;5181;;;2484;3016;6391;;;3397;;2217;;;5803;;;0;;;;3654;;
09/07/2013;00:00;6142;;;2842;3668;7302;;;3749;;3138;;;6663;;;0;;;;4136;;
10/07/2013;00:00;4169;;;1941;2461;5268;;;2669;;1020;;;4540;;;0;;;;3264;;
11/07/2013;00:00;6303;;;2763;3524;7332;;;3708;;2827;;;6650;;;0;;;;4155;;
12/07/2013;00:00;6157;;;2349;3661;6846;;;3420;;3067;;;6885;;;0;;;;3948;;
13/07/2013;00:00;4887;;;1366;2434;4408;;;1872;;3833;;;5551;;;0;;;;2974;;
14/07/2013;00:00;3670;;;1287;1878;3844;;;1756;;3265;;;4862;;;0;;;;2720;;
15/07/2013;00:00;4760;;;2168;2948;6196;;;3153;;2223;;;5594;;;0;;;;3840;;
16/07/2013;00:00;5283;;;2315;3349;6753;;;3373;;2333;;;5922;;;0;;;;4046;;
17/07/2013;00:00;4296;;;1910;2745;5499;;;2767;;1588;;;4790;;;0;;;;2967;;
18/07/2013;00:00;5021;;;2063;3163;6131;;;3031;;1773;;;4853;;;0;;;;3382;;
19/07/2013;00:00;2758;;;1051;1761;3540;;;1806;;717;;;2956;;;0;;;;2245;;
20/07/2013;00:00;3598;;;1141;2391;3866;;;1541;;2042;;;4518;;;0;;;;2538;;
21/07/2013;00:00;4978;;;1583;2285;4253;;;2174;;4841;;;5603;;;0;;;;2867;;
22/07/2013;00:00;5562;;;2541;3341;6564;;;3333;;3380;;;6234;;;0;;;;3463;;
23/07/2013;00:00;3630;;;1552;2377;4222;;;2146;;1619;;;4166;;;0;;;;2465;;
24/07/2013;00:00;4888;;;2374;3292;6381;;;3237;;2403;;;5338;;;0;;;;3278;;
25/07/2013;00:00;5913;;;2527;3558;7118;;;3524;;3003;;;6208;;;0;;;;3671;;
26/07/2013;00:00;5434;;;2040;3225;6323;;;2899;;2784;;;5930;;;0;;;;3469;;
27/07/2013;00:00;4678;;;1486;2401;4458;;;1890;;4476;;;5506;;;0;;;;3015;;
28/07/2013;00:00;2719;;;986;1416;2904;;;1319;;1630;;;3297;;;0;;;;1979;;
29/07/2013;00:00;4342;;;2179;2512;5639;;;2888;;2250;;;5073;;;0;;;;3203;;
30/07/2013;00:00;5934;;;2595;3288;6862;;;3368;;3321;;;6343;;;0;;;;3627;;
31/07/2013;00:00;6128;;;2712;3236;6951;;;3487;;4373;;;6327;;;0;;;;3989;;
01/08/2013;00:00;3716;;;1651;2172;4769;;;2421;;1089;;;4152;;;0;;;;2651;;
02/08/2013;00:00;4562;;;1788;2726;5463;;;2569;;2657;;;5073;;;0;;;;3168;;
03/08/2013;00:00;3783;;;1184;2095;3712;;;1584;;2775;;;4181;;;0;;;;2516;;
04/08/2013;00:00;2671;;;975;1310;2857;;;1266;;2018;;;3447;;;0;;;;1886;;
05/08/2013;00:00;4980;;;2402;3173;6407;;;3255;;2795;;;5988;;;0;;;;3356;;
06/08/2013;00:00;6023;;;2516;3543;7124;;;3381;;3430;;;6434;;;0;;;;3790;;
07/08/2013;00:00;5255;;;2192;3158;6081;;;3191;;2414;;;5408;;;0;;;;3485;;
08/08/2013;00:00;5156;;;2131;3324;6075;;;3143;;1885;;;5206;;;0;;;;3612;;
09/08/2013;00:00;4187;;;1742;2626;5333;;;2551;;1339;;;4698;;;0;;;;3143;;
10/08/2013;00:00;4014;;;1268;2096;3950;;;1623;;2803;;;4692;;;0;;;;2800;;
11/08/2013;00:00;4002;;;1358;1855;3617;;;1755;;3689;;;5042;;;0;;;;2556;;
12/08/2013;00:00;5371;;;2395;3289;6043;;;3160;;2560;;;5941;;;0;;;;3519;;
13/08/2013;00:00;3803;;;1683;2469;4829;;;2348;;996;;;4011;;;0;;;;2765;;
14/08/2013;00:00;3411;;;1714;2304;4459;;;2242;;1043;;;4546;;;0;;;;2874;;
15/08/2013;00:00;5641;;;2461;3604;6322;;;3162;;2343;;;6040;;;0;;;;3649;;
16/08/2013;00:00;4767;;;1978;3166;5725;;;2731;;1777;;;5558;;;0;;;;3381;;
17/08/2013;00:00;4654;;;1375;2582;4049;;;1873;;3303;;;5281;;;0;;;;2776;;
18/08/2013;00:00;4695;;;1388;2475;3842;;;1769;;3487;;;5345;;;0;;;;2913;;
19/08/2013;00:00;5375;;;2506;3386;6159;;;3166;;2364;;;5947;;;0;;;;3579;;
20/08/2013;00:00;6127;;;2771;3745;6806;;;3337;;2573;;;6015;;;0;;;;4248;;
21/08/2013;00:00;6075;;;2676;3768;6877;;;3485;;2356;;;6074;;;0;;;;4293;;
22/08/2013;00:00;2699;;;1339;1788;3511;;;1801;;586;;;3029;;;0;;;;2008;;
23/08/2013;00:00;5162;;;2335;3410;6406;;;3068;;2116;;;5793;;;0;;;;3653;;
24/08/2013;00:00;4219;;;1473;2170;4177;;;1796;;3058;;;5172;;;0;;;;2778;;
25/08/2013;00:00;3918;;;1442;2030;3752;;;1843;;3381;;;5119;;;0;;;;2742;;
26/08/2013;00:00;3797;;;2120;2722;4892;;;2555;;1021;;;4506;;;0;;;;2875;;
27/08/2013;00:00;5566;;;2805;3662;6355;;;3373;;2153;;;5888;;;0;;;;3738;;
28/08/2013;00:00;5560;;;2759;3717;6323;;;3355;;1881;;;5673;;;0;;;;3886;;
29/08/2013;00:00;5806;;;2766;3902;6713;;;3466;;1941;;;6044;;;0;;;;3995;;
30/08/2013;00:00;4381;;;2209;3019;5409;;;2724;;1632;;;5109;;;0;;;;3106;;
31/08/2013;00:00;2682;;;1018;1701;3178;;;1385;;1494;;;3593;;;0;;;;2303;;
01/09/2013;00:00;4091;;;1389;1997;3991;;;1913;;3896;;;5136;;;0;;;;2858;;
02/09/2013;00:00;1513;;;802;973;2073;;;929;;824;;;2359;;;0;;;;1533;;
03/09/2013;00:00;5710;;;3174;3753;7127;;;3683;;1357;;;5298;;;0;;;;3524;;
04/09/2013;00:00;5460;;;3258;3865;7005;;;3884;;1512;;;5561;;;0;;;;2913;;
05/09/2013;00:00;6321;;;3292;4234;7109;;;3983;;1762;;;5823;;;0;;;;2363;;
06/09/2013;00:00;5555;;;2848;3708;6797;;;3593;;2022;;;5780;;;0;;;;3534;;
07/09/2013;00:00;2324;;;1137;1536;2899;;;1335;;1255;;;3215;;;0;;;;2170;;
08/09/2013;00:00;2997;;;1423;1677;3183;;;1808;;1768;;;3971;;;0;;;;2224;;
09/09/2013;00:00;5558;;;3202;3748;6783;;;4043;;1564;;;5494;;;0;;;;3466;;
10/09/2013;00:00;3278;;;1697;2279;4107;;;2439;;385;;;3264;;;0;;;;2464;;
11/09/2013;00:00;5412;;;2997;3552;6449;;;3629;;1470;;;5355;;;0;;;;3790;;
12/09/2013;00:00;2877;;;1646;2088;3917;;;2255;;428;;;3111;;;0;;;;2433;;
13/09/2013;00:00;3869;;;2253;2886;5168;;;3096;;953;;;4085;;;0;;;;3065;;
14/09/2013;00:00;2488;;;1494;1706;2911;;;979;;1075;;;3277;;;0;;;;2456;;
15/09/2013;00:00;2243;;;1749;1417;2933;;;1804;;1459;;;3623;;;0;;;;2527;;
16/09/2013;00:00;4206;;;2466;2799;5485;;;3272;;855;;;4307;;;0;;;;3012;;
17/09/2013;00:00;5506;;;3153;3563;6626;;;3882;;1485;;;5332;;;0;;;;3745;;
18/09/2013;00:00;5676;;;3330;3677;6712;;;4074;;1759;;;5571;;;0;;;;3921;;
19/09/2013;00:00;5989;;;3264;3937;7121;;;3938;;1786;;;6082;;;0;;;;3999;;
20/09/2013;00:00;6027;;;2971;4030;7010;;;3908;;2318;;;6284;;;0;;;;4199;;
21/09/2013;00:00;2126;;;1009;1470;2726;;;1258;;692;;;3060;;;0;;;;2224;;
22/09/2013;00:00;1265;;;689;909;1829;;;964;;443;;;2453;;;0;;;;1705;;
23/09/2013;00:00;4704;;;2673;2974;5749;;;3416;;1008;;;4532;;;0;;;;3274;;
24/09/2013;00:00;5347;;;2905;3490;6470;;;3773;;1389;;;4834;;;0;;;;3656;;
25/09/2013;00:00;5264;;;3065;3429;6554;;;4008;;1417;;;5321;;;0;;;;3839;;
26/09/2013;00:00;5241;;;2800;3524;6634;;;3747;;1292;;;4726;;;0;;;;3721;;
27/09/2013;00:00;5120;;;2593;3487;6035;;;3398;;1380;;;5309;;;0;;;;3821;;
28/09/2013;00:00;3734;;;1473;2226;3819;;;1791;;2308;;;4792;;;0;;;;3318;;
29/09/2013;00:00;3396;;;1521;1776;3416;;;1842;;2435;;;5090;;;0;;;;3014;;
30/09/2013;00:00;5365;;;2778;3478;6543;;;3771;;1656;;;5361;;;0;;;;3927;;
01/10/2013;00:00;5780;;;3228;3939;7051;;;4051;;1520;;;5393;;;0;;;;3978;;
02/10/2013;00:00;5574;;;3128;3736;6937;;;4011;;1438;;;5328;;;0;;;;3952;;
03/10/2013;00:00;5538;;;3228;3815;7009;;;3962;;1579;;;5155;;;0;;;;4135;;
04/10/2013;00:00;4292;;;2275;3154;5725;;;3237;;937;;;4703;;;0;;;;3518;;
05/10/2013;00:00;2727;;;1287;1764;3420;;;1652;;1246;;;3930;;;0;;;;2834;;
06/10/2013;00:00;1291;;;680;818;1593;;;968;;368;;;2227;;;0;;;;1646;;
07/10/2013;00:00;2808;;;1570;1902;3610;;;2288;;388;;;2748;;;0;;;;2287;;
08/10/2013;00:00;4645;;;2624;3199;5791;;;3430;;898;;;4479;;;0;;;;3444;;
09/10/2013;00:00;5107;;;2887;3439;6152;;;3847;;1211;;;4998;;;0;;;;3758;;
10/10/2013;00:00;5239;;;2822;3557;6150;;;3703;;1201;;;5068;;;0;;;;3833;;
11/10/2013;00:00;4642;;;2370;3242;5535;;;3177;;1295;;;4791;;;0;;;;3631;;
12/10/2013;00:00;2898;;;1187;1668;3061;;;1487;;1830;;;3726;;;0;;;;2659;;
13/10/2013;00:00;2622;;;1059;1421;2574;;;1413;;1816;;;3362;;;0;;;;2240;;
14/10/2013;00:00;1091;;;532;834;1237;;;777;;242;;;1679;;;0;;;;1305;;
15/10/2013;00:00;4544;;;2408;3206;5590;;;3311;;864;;;4160;;;0;;;;3107;;
16/10/2013;00:00;3713;;;2108;2579;4879;;;3061;;597;;;3719;;;0;;;;2974;;
17/10/2013;00:00;4490;;;2389;3224;5955;;;3321;;775;;;4298;;;0;;;;3355;;
18/10/2013;00:00;3188;;;1395;2382;4310;;;2608;;433;;;3496;;;0;;;;2751;;
19/10/2013;00:00;1982;;;845;1473;2580;;234;1345;;595;;;2770;;;0;;;;2274;;
20/10/2013;00:00;1541;;;807;1044;2161;;360;1210;;380;;1082;2201;;;0;;;;1858;;
21/10/2013;00:00;3402;;;1657;2261;4643;;1026;2906;;659;;2116;3400;;;0;;;;2721;;
22/10/2013;00:00;2881;;1593;1308;1919;3911;;798;2386;;554;;1925;2949;;;0;;;;2493;;
23/10/2013;00:00;3670;;3527;1752;2440;4773;;979;3014;;621;;2345;3664;;;0;;;;2772;;
24/10/2013;00:00;3258;;3093;1468;2139;4371;;889;2600;;541;;1991;3133;;;0;;;;2566;;
25/10/2013;00:00;2849;;2847;1323;1875;3758;;797;2377;;435;;1918;3072;;;0;;;;2501;;
26/10/2013;00:00;683;;760;307;451;941;;147;551;;62;;665;1062;;;25;;;;1003;;
27/10/2013;00:00;1056;;1175;464;646;1390;;227;767;;248;;958;1490;;;93;;;;1250;;
28/10/2013;00:00;2216;;2143;1306;1440;2987;;512;1918;;252;;1441;2407;;;281;;;;1994;;
29/10/2013;00:00;3120;;2817;1525;1974;3739;;750;2453;;417;;1605;2956;;;364;;;;2284;;
30/10/2013;00:00;3222;;2936;1660;2041;3839;;833;2416;;421;;1851;3073;;;357;;;;2441;;
31/10/2013;00:00;1941;;1668;1045;1204;2131;;505;1587;;188;;1108;1859;;;203;;;;1707;;
01/11/2013;00:00;1658;;1457;808;1147;2125;;336;1430;;163;;1226;1824;;;198;;;;1194;;
02/11/2013;00:00;815;0;916;377;564;1141;;154;639;;111;;886;1234;;0;74;;;;1141;0;849
03/11/2013;00:00;1094;0;1240;518;633;1351;101;239;829;;312;;1134;1682;;229;99;;;;1390;16;640
04/11/2013;00:00;2492;0;2386;1402;1638;3109;674;620;2166;;290;;1500;2442;;906;274;;;;2029;0;803
05/11/2013;00:00;2857;0;2669;1478;1802;3574;732;682;2240;;391;;1579;2785;;1003;328;;;;2210;0;891
06/11/2013;00:00;2900;0;2619;1543;1815;1875;778;774;2271;;429;;1871;2805;;1089;327;;;;2248;0;1079
07/11/2013;00:00;2429;0;2110;1301;1521;2902;602;486;1925;;193;;1422;2385;;769;249;;;;1953;0;1005
08/11/2013;00:00;2248;0;2064;1197;1523;2755;578;490;1777;;218;;1513;2396;;798;264;;;;2148;0;1101
09/11/2013;00:00;1060;0;1129;458;780;1343;264;209;690;;213;;1055;1612;;331;79;;;;1153;0;1092
10/11/2013;00:00;504;0;547;241;296;669;124;111;442;;35;;459;795;;139;34;;;;761;0;778
11/11/2013;00:00;1545;0;1457;907;962;1909;440;356;1438;;128;;881;1660;;542;149;;;;1407;0;737
12/11/2013;00:00;1805;0;1646;941;1211;2226;454;428;1422;;122;;1003;1794;;649;219;;;;1470;0;972
13/11/2013;00:00;1814;0;1642;886;1147;2186;498;416;1405;;126;;896;1759;;611;236;;;;1467;0;934
14/11/2013;00:00;2210;0;1924;1002;1435;2565;559;525;1637;;247;;1216;2112;;754;259;;;;1874;0;940
15/11/2013;00:00;2242;0;2189;1101;1474;2842;547;620;1763;;291;;1650;2505;;875;268;;;;1982;0;899
16/11/2013;00:00;1367;0;1583;634;820;1508;395;416;784;;593;;1576;2099;;546;147;;;;1550;0;751
17/11/2013;00:00;610;0;705;310;352;747;189;176;503;;152;;672;1056;;201;53;;;;966;0;581
18/11/2013;00:00;1424;0;847;807;906;1795;435;365;1347;;101;;916;1558;;511;170;;;;1240;0;700
19/11/2013;00:00;1717;0;0;892;1031;2074;474;420;1528;;118;;1074;1742;;636;223;;;;1506;0;923
20/11/2013;00:00;1797;0;0;994;1092;2112;514;483;1580;;163;;1146;1868;;666;226;;;;1535;0;949
21/11/2013;00:00;1816;0;0;988;1139;2073;522;440;1498;;128;;1176;1863;;650;243;;;;1485;0;1003
22/11/2013;00:00;1132;0;0;597;718;1382;264;311;1058;;57;;814;1421;;468;156;;;;1152;0;966
23/11/2013;00:00;650;0;0;296;425;792;204;153;503;;72;;627;1020;;222;48;;;;821;0;597
24/11/2013;00:00;324;0;0;148;202;459;95;71;284;;12;;258;529;;118;32;;;;528;0;366
25/11/2013;00:00;911;0;0;432;559;1309;294;247;858;;72;;454;1032;;380;135;;;;880;0;650
26/11/2013;00:00;1249;0;0;672;791;1659;407;353;1126;;109;;680;1373;;503;174;;;;1136;0;809
27/11/2013;00:00;401;0;0;2;217;517;91;81;283;;7;;254;468;;167;53;;;;425;0;687
28/11/2013;00:00;341;23;0;0;149;510;95;40;200;;18;;199;422;;80;85;;;;172;0;856
29/11/2013;00:00;340;0;0;0;177;501;115;30;187;;14;;185;443;;91;15;;;;274;195;436
30/11/2013;00:00;174;0;0;0;97;260;57;22;61;;11;;159;248;;16;;;;;243;78;18
01/12/2013;00:00;145;0;0;0;77;230;35;19;76;;7;;139;296;;32;;;;;231;101;22
02/12/2013;00:00;427;0;0;0;123;673;150;56;269;;20;;275;636;;148;0;;;;452;461;50
03/12/2013;00:00;556;0;0;0;350;738;127;92;343;;10;;300;692;;240;0;;;;487;510;55
04/12/2013;00:00;709;0;0;0;350;908;190;91;441;;21;;422;806;;256;0;;;;602;589;66
05/12/2013;00:00;635;0;0;1;366;824;187;98;440;;12;;364;773;;257;0;;;;713;608;63
06/12/2013;00:00;761;8;0;13;511;964;223;136;580;;38;;507;907;;293;0;;;;966;710;78
07/12/2013;00:00;342;18;0;7;185;418;98;74;241;;24;;352;575;;107;0;;;;513;268;32
08/12/2013;00:00;270;6;0;6;139;361;73;56;209;;19;;264;512;;111;0;;;;471;239;13
09/12/2013;00:00;280;3;0;3;142;275;99;45;183;;16;;159;349;;112;0;;;;354;151;26
10/12/2013;00:00;452;5;0;0;241;495;106;49;261;;9;;220;502;;126;0;;;;196;342;48
11/12/2013;00:00;481;5;0;1;258;505;120;33;288;;7;;222;533;;122;0;;;;303;341;56
12/12/2013;00:00;382;1;0;0;223;443;98;24;269;;1;;175;441;;101;0;;;;344;339;52
13/12/2013;00:00;305;0;0;0;183;416;82;34;210;;5;;175;410;;77;0;;;;379;260;43
14/12/2013;00:00;92;0;0;0;43;124;24;11;74;;3;;75;152;;27;0;;;;496;64;9
15/12/2013;00:00;33;0;0;0;21;47;15;2;21;;0;;35;29;;14;0;;;;303;4;0
16/12/2013;00:00;214;0;0;0;90;240;48;0;94;;0;;94;210;;60;0;;;;790;37;31
17/12/2013;00:00;269;0;0;0;128;277;66;7;126;;0;;108;260;;65;0;;;;294;138;21
18/12/2013;00:00;240;0;0;9;163;353;85;26;143;;0;;191;366;;113;0;;;;341;175;34
19/12/2013;00:00;265;24;0;6;176;388;74;43;136;;11;;115;398;;118;0;;;;411;199;32
20/12/2013;00:00;125;4;0;0;74;173;23;16;65;;2;;83;166;;79;0;;;;432;76;12
21/12/2013;00:00;44;0;0;5;26;52;16;1;16;;4;;26;61;;3;0;;;;113;16;3
22/12/2013;00:00;19;3;0;0;8;44;1;0;4;;0;;2;2;;8;0;;;;59;3;2
23/12/2013;00:00;63;0;0;0;55;109;19;0;16;;0;;3;0;;51;0;;;;261;0;12
24/12/2013;00:00;36;2;0;0;36;39;8;0;14;;0;;1;1;;19;0;;;;190;18;9
25/12/2013;00:00;5;0;0;0;13;4;2;0;6;;0;;1;0;;2;0;;;;42;1;0
26/12/2013;00:00;7;0;0;0;28;75;1;0;10;;0;;27;0;;10;0;;;;54;7;4
27/12/2013;00:00;77;5;0;0;62;123;25;0;13;;3;;43;0;;40;0;;;;134;32;12
28/12/2013;00:00;36;15;0;7;61;70;18;0;17;;2;;47;0;;20;0;;;;156;16;11
29/12/2013;00:00;32;2;0;0;35;67;13;0;14;;2;;43;0;;17;0;;;;94;23;5
30/12/2013;00:00;29;7;0;0;44;81;25;0;27;;3;;50;80;;30;0;;;;91;30;16
31/12/2013;00:00;14;14;0;0;35;58;12;20;17;;0;;35;74;;22;0;;;;147;24;9
